utc,lat,lon,sog_kn,cog_deg,quality,sats,hdop
2024-03-21T17:06:38Z,45.549435,-122.887897,58.05,117.9,0,0,99.0
2024-03-21T17:06:43Z,45.548800,-122.886212,57.46,118.2,1,5,3.2
2024-03-21T17:06:48Z,45.548178,-122.884557,56.48,118.1,1,5,3.2
2024-03-21T17:06:58Z,45.546947,-122.881275,57.98,118.2,2,7,1.5
2024-03-21T17:07:03Z,45.546318,-122.879580,57.93,118.0,2,7,1.5
2024-03-21T17:07:08Z,45.545693,-122.877900,57.36,118.2,2,7,1.5
2024-03-21T17:07:13Z,45.545073,-122.876247,56.67,118.2,2,7,1.5
2024-03-21T17:07:18Z,45.544448,-122.874608,56.44,118.6,2,7,1.5
2024-03-21T17:07:23Z,45.543818,-122.872977,56.53,119.0,2,7,1.5
2024-03-21T17:07:33Z,45.542583,-122.869747,55.58,118.6,2,7,1.5
2024-03-21T17:07:38Z,45.541980,-122.868148,54.73,118.0,2,8,1.5
2024-03-21T17:07:43Z,45.541395,-122.866577,53.46,118.3,2,8,1.5
2024-03-21T17:07:48Z,45.540817,-122.865048,52.48,118.1,2,8,1.5
2024-03-21T17:07:53Z,45.540242,-122.863525,52.92,118.1,2,8,1.5
2024-03-21T17:07:58Z,45.539652,-122.861972,54.92,118.1,2,8,1.5
2024-03-21T17:08:08Z,45.538395,-122.858637,59.67,118.1,2,9,1.3
2024-03-21T17:08:13Z,45.537747,-122.856923,57.61,118.4,2,9,1.3
2024-03-21T17:08:18Z,45.537140,-122.855305,54.40,118.0,2,9,1.3
2024-03-21T17:08:23Z,45.536545,-122.853735,53.90,118.3,2,9,1.3
2024-03-21T17:08:28Z,45.535968,-122.852205,50.90,118.1,2,9,1.3
2024-03-21T17:08:33Z,45.535403,-122.850707,52.61,118.3,2,9,1.3
2024-03-21T17:08:38Z,45.534825,-122.849183,51.43,118.2,2,10,1.0
2024-03-21T17:08:43Z,45.534280,-122.847740,49.28,118.0,2,10,1.0
2024-03-21T17:08:48Z,45.533748,-122.846330,49.03,118.0,2,10,1.0
2024-03-21T17:08:53Z,45.533203,-122.844890,49.89,118.4,2,10,1.0
2024-03-21T17:08:58Z,45.532653,-122.843437,50.33,118.2,2,10,1.0
2024-03-21T17:09:03Z,45.532113,-122.841995,48.82,117.7,2,10,1.0
2024-03-21T17:09:08Z,45.531588,-122.840598,47.74,118.0,2,10,1.0
2024-03-21T17:09:13Z,45.531070,-122.839232,46.57,118.3,2,10,1.0
2024-03-21T17:09:23Z,45.530082,-122.836623,45.94,118.1,2,10,1.0
2024-03-21T17:09:28Z,45.529578,-122.835302,44.53,118.1,2,10,1.0
2024-03-21T17:09:33Z,45.529090,-122.834012,44.92,118.3,1,10,1.0
2024-03-21T17:09:38Z,45.528587,-122.832675,46.83,118.2,1,10,1.0
2024-03-21T17:09:43Z,45.528068,-122.831313,45.97,118.2,1,10,1.0
2024-03-21T17:09:48Z,45.527565,-122.829980,46.21,118.2,1,10,1.0
2024-03-21T17:09:53Z,45.527060,-122.828640,46.71,118.3,2,10,1.0
2024-03-21T17:09:58Z,45.526545,-122.827278,47.47,118.1,2,10,1.0
2024-03-21T17:10:03Z,45.526008,-122.825873,49.16,118.5,2,10,1.0
2024-03-21T17:10:08Z,45.525472,-122.824448,48.21,118.0,2,10,1.0
2024-03-21T17:10:13Z,45.524943,-122.823052,48.55,118.3,2,10,1.0
2024-03-21T17:10:18Z,45.524407,-122.821635,48.21,118.0,2,10,1.0
2024-03-21T17:10:23Z,45.523888,-122.820268,46.82,118.4,2,10,1.0
2024-03-21T17:10:28Z,45.523378,-122.818922,46.88,118.3,2,11,0.9
2024-03-21T17:10:33Z,45.522870,-122.817568,47.15,118.3,2,11,0.9
2024-03-21T17:10:38Z,45.522352,-122.816190,47.28,118.3,2,11,0.9
2024-03-21T17:10:43Z,45.521838,-122.814822,47.34,118.1,2,10,1.0
2024-03-21T17:10:48Z,45.521325,-122.813458,46.66,118.3,2,11,0.9
2024-03-21T17:10:53Z,45.520828,-122.812128,45.66,116.3,2,11,0.9
2024-03-21T17:10:58Z,45.520313,-122.810702,50.76,116.5,1,11,0.9
2024-03-21T17:11:03Z,45.519750,-122.809173,52.88,117.5,1,10,1.0
2024-03-21T17:11:08Z,45.519165,-122.807610,54.01,118.0,1,10,1.0
2024-03-21T17:11:18Z,45.517972,-122.804497,53.57,118.2,1,10,1.0
2024-03-21T17:11:23Z,45.517383,-122.802942,53.90,118.1,1,10,1.0
2024-03-21T17:11:28Z,45.516797,-122.801428,53.03,118.7,1,11,0.9
2024-03-21T17:11:33Z,45.516233,-122.799932,51.49,119.1,1,11,0.9
2024-03-21T17:11:38Z,45.515700,-122.798472,49.51,117.8,1,11,0.9
2024-03-21T17:11:43Z,45.515178,-122.797070,47.40,118.4,1,10,1.0
2024-03-21T17:11:48Z,45.514663,-122.795708,45.57,117.6,1,10,1.0
2024-03-21T17:11:53Z,45.514192,-122.794397,45.89,117.5,1,11,0.9
2024-03-21T17:11:58Z,45.513695,-122.793035,46.33,117.3,1,10,0.9
2024-03-21T17:12:03Z,45.513180,-122.791633,48.80,117.1,1,10,0.9
2024-03-21T17:12:08Z,45.512660,-122.790197,48.49,117.3,1,11,0.9
2024-03-21T17:12:13Z,45.512130,-122.788762,48.28,117.8,1,11,0.9
2024-03-21T17:12:18Z,45.511603,-122.787315,50.28,118.0,1,11,0.9
2024-03-21T17:12:23Z,45.511023,-122.785837,51.72,118.3,1,11,0.9
2024-03-21T17:12:33Z,45.509883,-122.782705,54.46,117.2,1,10,0.9
2024-03-21T17:12:38Z,45.509310,-122.781098,54.97,116.9,1,10,0.9
2024-03-21T17:12:43Z,45.508725,-122.779490,56.17,116.0,1,11,0.9
2024-03-21T17:12:48Z,45.508162,-122.777790,56.67,113.8,1,11,0.9
2024-03-21T17:12:53Z,45.507665,-122.776052,57.15,111.2,1,11,0.9
2024-03-21T17:12:58Z,45.507192,-122.774253,58.18,109.1,1,10,1.0
2024-03-21T17:13:03Z,45.506802,-122.772417,58.26,105.9,1,11,0.9
2024-03-21T17:13:08Z,45.506470,-122.770560,57.74,103.6,1,11,0.9
2024-03-21T17:13:13Z,45.506193,-122.768708,56.98,101.1,1,10,1.0
2024-03-21T17:13:18Z,45.505978,-122.766882,54.50,98.8,1,10,1.0
2024-03-21T17:13:23Z,45.505807,-122.765140,53.13,96.6,1,10,1.0
2024-03-21T17:13:28Z,45.505700,-122.763428,52.00,94.2,1,10,1.0
2024-03-21T17:13:33Z,45.505633,-122.761743,49.48,91.5,1,10,1.0
2024-03-21T17:13:38Z,45.505625,-122.760118,49.91,88.2,1,11,0.9
2024-03-21T17:13:43Z,45.505668,-122.758445,52.04,87.1,1,11,0.9
2024-03-21T17:13:48Z,45.505745,-122.756655,55.76,85.5,1,9,1.1
2024-03-21T17:13:53Z,45.505882,-122.754803,55.94,83.5,1,9,1.0
2024-03-21T17:13:58Z,45.506068,-122.752982,56.14,80.1,1,10,1.0
2024-03-21T17:14:03Z,45.506305,-122.751183,55.42,78.6,1,11,0.9
2024-03-21T17:14:08Z,45.506593,-122.749395,56.53,75.9,1,10,1.0
2024-03-21T17:14:13Z,45.506913,-122.747617,54.84,74.0,1,10,1.0
2024-03-21T17:14:18Z,45.507288,-122.745885,55.56,71.2,1,10,1.0
2024-03-21T17:14:23Z,45.507718,-122.744120,57.41,69.7,1,10,1.0
2024-03-21T17:14:28Z,45.508185,-122.742355,55.36,69.3,1,10,1.0
2024-03-21T17:14:33Z,45.508570,-122.740748,50.14,74.6,1,10,1.0
2024-03-21T17:14:38Z,45.508750,-122.739220,44.12,86.8,1,10,1.0
2024-03-21T17:14:43Z,45.508742,-122.737887,40.42,90.9,1,10,1.0
2024-03-21T17:14:48Z,45.508703,-122.736517,42.71,92.2,1,9,1.0
2024-03-21T17:14:53Z,45.508675,-122.735082,44.84,92.0,1,9,1.0
2024-03-21T17:14:58Z,45.508655,-122.733582,46.51,89.9,1,10,1.0
2024-03-21T17:15:03Z,45.508708,-122.732078,46.73,82.8,1,10,1.0
2024-03-21T17:15:08Z,45.508945,-122.730543,49.12,74.3,1,9,1.1
2024-03-21T17:15:13Z,45.509300,-122.728967,50.12,71.4,1,8,1.6
2024-03-21T17:15:18Z,45.509548,-122.727350,49.75,83.5,1,8,1.6
2024-03-21T17:15:23Z,45.509457,-122.725778,47.20,100.7,1,8,1.1
2024-03-21T17:15:33Z,45.508390,-122.722982,49.52,123.5,1,9,1.2
2024-03-21T17:15:38Z,45.507738,-122.721560,51.65,117.3,1,9,1.2
2024-03-21T17:15:43Z,45.507322,-122.719970,50.78,108.9,1,10,1.0
2024-03-21T17:15:48Z,45.506968,-122.718352,52.32,108.4,1,10,1.0
2024-03-21T17:15:53Z,45.506562,-122.716708,53.46,108.6,1,10,1.0
2024-03-21T17:15:58Z,45.506368,-122.714997,52.20,92.0,1,8,1.5
2024-03-21T17:16:08Z,45.506748,-122.712130,43.48,78.3,1,8,1.5
2024-03-21T17:16:13Z,45.507008,-122.710637,45.91,75.3,1,8,1.5
2024-03-21T17:16:18Z,45.507420,-122.709420,36.88,54.9,1,7,1.6
2024-03-21T17:16:23Z,45.507953,-122.708808,28.40,36.4,1,6,1.9
2024-03-21T17:16:28Z,45.508567,-122.708335,29.22,25.6,1,8,1.1
2024-03-21T17:16:33Z,45.509200,-122.707928,30.60,23.2,1,8,1.1
2024-03-21T17:16:38Z,45.509808,-122.707545,28.23,25.6,1,7,1.5
2024-03-21T17:16:43Z,45.510373,-122.707128,27.39,32.8,1,9,1.1
2024-03-21T17:16:48Z,45.510885,-122.706573,27.66,41.9,1,8,1.2
2024-03-21T17:16:53Z,45.511328,-122.705857,28.41,52.8,1,9,1.1
2024-03-21T17:16:58Z,45.511687,-122.705068,26.31,58.6,1,9,1.1
2024-03-21T17:17:03Z,45.511998,-122.704322,26.54,59.3,1,8,1.5
2024-03-21T17:17:13Z,45.512588,-122.702942,21.04,55.2,1,8,1.5
2024-03-21T17:17:18Z,45.512888,-122.702398,21.29,50.2,1,7,1.6
2024-03-21T17:17:23Z,45.513213,-122.701950,17.83,41.3,1,7,1.6
2024-03-21T17:17:28Z,45.513535,-122.701615,15.59,35.8,1,7,1.6
2024-03-21T17:17:33Z,45.513770,-122.701405,11.69,31.7,1,7,1.6
2024-03-21T17:17:38Z,45.513988,-122.701175,13.18,34.6,1,8,1.5
2024-03-21T17:17:43Z,45.514292,-122.700912,18.42,31.3,1,9,1.1
2024-03-21T17:17:48Z,45.514728,-122.700517,21.72,31.0,1,8,1.1
2024-03-21T17:17:53Z,45.515137,-122.700093,18.46,38.4,1,8,1.1
2024-03-21T17:17:58Z,45.515417,-122.699738,15.66,43.7,1,8,1.1
2024-03-21T17:18:03Z,45.515643,-122.699358,15.40,54.6,1,5,3.6
2024-03-21T17:18:13Z,45.515947,-122.698467,14.65,65.6,6,0,50.0
2024-03-21T17:18:18Z,45.516088,-122.698028,14.65,65.6,6,0,50.0
2024-03-21T17:18:38Z,45.515892,-122.695347,22.49,95.4,1,4,4.5
2024-03-21T17:18:43Z,45.515278,-122.693365,35.22,103.5,1,8,1.1
2024-03-21T17:18:48Z,45.515092,-122.692210,35.74,106.4,1,10,1.0
2024-03-21T17:18:58Z,45.514452,-122.690495,23.30,134.3,1,9,1.0
2024-03-21T17:19:03Z,45.514028,-122.690075,24.19,149.8,1,8,1.4
2024-03-21T17:19:08Z,45.513490,-122.689790,24.41,166.3,1,5,1.7
2024-03-21T17:19:13Z,45.512768,-122.689608,30.92,166.8,1,10,1.0
2024-03-21T17:19:18Z,45.512028,-122.689275,36.49,160.0,1,9,1.1
2024-03-21T17:19:23Z,45.511190,-122.688777,39.83,156.0,1,9,1.1
2024-03-21T17:19:33Z,45.509608,-122.687253,42.39,138.7,1,9,1.1
2024-03-21T17:19:38Z,45.508898,-122.686268,43.40,135.3,1,8,1.2
2024-03-21T17:19:43Z,45.508193,-122.685152,47.60,133.0,1,9,1.2
2024-03-21T17:19:48Z,45.507380,-122.684000,49.37,133.8,1,10,1.0
2024-03-21T17:19:53Z,45.506623,-122.682878,46.55,133.2,1,9,1.1
2024-03-21T17:19:58Z,45.505947,-122.681643,47.74,121.6,1,10,1.0
2024-03-21T17:20:03Z,45.505498,-122.680112,50.28,107.5,1,10,1.0
2024-03-21T17:20:08Z,45.505325,-122.678365,53.60,95.2,1,10,1.0
2024-03-21T17:20:13Z,45.505173,-122.676635,49.92,98.5,1,10,1.0
2024-03-21T17:20:18Z,45.505018,-122.675072,46.09,97.1,1,10,1.0
2024-03-21T17:20:23Z,45.505092,-122.673593,43.85,78.1,1,11,0.9
2024-03-21T17:20:28Z,45.505672,-122.672398,43.47,47.9,1,9,1.0
2024-03-21T17:20:33Z,45.506433,-122.671452,42.72,42.5,1,11,0.9
2024-03-21T17:20:38Z,45.507082,-122.670502,38.88,49.1,1,10,1.0
2024-03-21T17:20:43Z,45.507675,-122.669520,38.95,49.3,1,10,1.0
2024-03-21T17:20:48Z,45.508233,-122.668565,37.04,49.9,1,10,1.0
2024-03-21T17:20:53Z,45.508790,-122.667620,37.60,48.7,1,11,0.9
2024-03-21T17:20:58Z,45.509460,-122.666803,38.46,31.4,1,11,0.9
2024-03-21T17:21:03Z,45.510340,-122.666532,37.55,6.7,1,11,0.9
2024-03-21T17:21:08Z,45.511128,-122.666648,32.99,347.0,1,9,1.0
2024-03-21T17:21:13Z,45.511838,-122.667058,33.18,339.3,1,10,1.0
2024-03-21T17:21:18Z,45.512590,-122.667373,34.78,352.0,1,11,0.9
2024-03-21T17:21:23Z,45.513345,-122.667398,31.17,1.6,1,11,0.9
2024-03-21T17:21:28Z,45.514140,-122.667318,37.46,4.1,1,11,0.9
2024-03-21T17:21:33Z,45.515153,-122.667180,47.60,4.8,1,11,0.9
2024-03-21T17:21:38Z,45.516273,-122.666988,48.61,9.7,1,11,0.9
2024-03-21T17:21:43Z,45.517327,-122.666638,46.56,14.1,1,10,1.0
2024-03-21T17:21:48Z,45.518415,-122.666183,49.25,14.6,1,6,2.7
2024-03-21T17:21:58Z,45.520502,-122.665435,46.68,14.4,1,10,1.0
2024-03-21T17:22:03Z,45.521550,-122.665125,46.42,7.8,1,10,0.9
2024-03-21T17:22:08Z,45.522587,-122.665112,44.23,1.7,1,10,1.0
2024-03-21T17:22:13Z,45.523518,-122.665083,40.56,3.7,1,11,0.9
2024-03-21T17:22:18Z,45.524425,-122.664738,40.19,24.1,1,10,1.0
2024-03-21T17:22:23Z,45.525080,-122.663688,43.10,59.4,1,11,0.9
2024-03-21T17:22:33Z,45.525493,-122.660732,44.36,71.1,1,11,0.9
2024-03-21T17:22:38Z,45.526032,-122.659417,47.02,56.2,1,9,1.1
2024-03-21T17:22:43Z,45.526723,-122.658133,49.33,54.3,1,9,1.1
2024-03-21T17:22:48Z,45.527395,-122.656778,49.92,57.4,1,9,1.1
2024-03-21T17:22:53Z,45.527932,-122.655343,48.17,64.4,1,9,1.1
2024-03-21T17:22:58Z,45.528363,-122.653863,49.10,69.3,1,9,1.1
2024-03-21T17:23:08Z,45.529165,-122.650690,50.68,69.4,1,9,1.1
2024-03-21T17:23:13Z,45.529568,-122.649127,52.02,71.4,1,10,1.0
2024-03-21T17:23:18Z,45.529840,-122.647510,50.48,82.6,1,11,0.9
2024-03-21T17:23:23Z,45.529928,-122.645872,49.75,86.5,1,11,0.9
2024-03-21T17:23:28Z,45.530020,-122.644268,48.98,85.6,1,11,0.9
2024-03-21T17:23:33Z,45.530090,-122.642665,48.30,86.0,1,10,1.0
2024-03-21T17:23:38Z,45.530160,-122.641085,47.33,86.1,1,9,1.0
2024-03-21T17:23:43Z,45.530227,-122.639562,45.74,86.6,1,10,0.9
2024-03-21T17:23:48Z,45.530295,-122.638120,44.31,85.2,1,11,0.9
2024-03-21T17:23:53Z,45.530445,-122.636587,48.60,82.7,1,9,1.1
2024-03-21T17:23:58Z,45.530717,-122.635010,49.67,69.0,1,10,1.0
2024-03-21T17:24:03Z,45.531377,-122.633625,52.33,46.3,1,10,1.0
2024-03-21T17:24:08Z,45.532402,-122.632690,52.55,32.7,1,9,1.1
2024-03-21T17:24:13Z,45.533407,-122.631737,51.26,39.1,1,9,1.1
2024-03-21T17:24:18Z,45.534105,-122.630412,48.74,60.0,1,10,1.0
2024-03-21T17:24:23Z,45.534343,-122.628830,49.72,85.2,1,10,1.0
2024-03-21T17:24:28Z,45.534073,-122.627182,51.46,106.8,1,10,1.0
2024-03-21T17:24:33Z,45.533670,-122.625543,53.04,111.3,1,11,0.9
2024-03-21T17:24:38Z,45.533288,-122.623900,51.42,108.0,1,11,0.9
2024-03-21T17:24:43Z,45.532900,-122.622283,51.91,108.0,1,11,0.9
2024-03-21T17:24:48Z,45.532517,-122.620672,51.37,108.2,1,11,0.9
2024-03-21T17:24:53Z,45.532135,-122.619062,52.50,108.6,1,11,0.9
2024-03-21T17:24:58Z,45.531685,-122.617438,53.11,115.4,1,11,0.9
2024-03-21T17:25:03Z,45.531008,-122.616067,50.73,129.8,1,9,1.1
2024-03-21T17:25:08Z,45.530203,-122.614857,51.06,132.8,1,9,1.3
2024-03-21T17:25:13Z,45.529438,-122.613703,47.31,132.8,1,10,1.0
2024-03-21T17:25:18Z,45.528705,-122.612577,46.56,131.8,1,9,1.1
2024-03-21T17:25:23Z,45.528027,-122.611360,47.87,123.9,1,8,1.5
2024-03-21T17:25:33Z,45.527302,-122.608423,49.35,99.2,1,9,1.1
2024-03-21T17:25:38Z,45.527245,-122.606818,46.68,89.2,1,10,1.0
2024-03-21T17:25:43Z,45.527450,-122.605343,45.45,74.3,1,11,0.9
2024-03-21T17:25:48Z,45.527885,-122.603972,47.07,64.2,1,11,0.9
2024-03-21T17:25:53Z,45.528508,-122.602630,49.53,54.3,1,10,1.0
2024-03-21T17:25:58Z,45.529197,-122.601335,47.90,52.5,1,8,1.2
2024-03-21T17:26:08Z,45.530558,-122.598770,51.09,54.7,1,9,1.1
2024-03-21T17:26:13Z,45.531270,-122.597363,52.51,53.5,1,10,0.9
2024-03-21T17:26:18Z,45.531972,-122.596012,50.50,53.3,1,11,0.9
2024-03-21T17:26:23Z,45.532658,-122.594695,49.71,54.1,1,11,0.9
2024-03-21T17:26:28Z,45.533323,-122.593437,47.33,53.4,1,11,0.9
2024-03-21T17:26:33Z,45.533965,-122.592233,45.63,54.1,1,10,1.0
2024-03-21T17:26:38Z,45.534613,-122.590953,49.15,54.3,1,10,1.0
2024-03-21T17:26:43Z,45.535200,-122.589562,48.10,63.9,1,10,1.0
2024-03-21T17:26:48Z,45.535553,-122.588080,47.89,77.6,1,10,1.0
2024-03-21T17:26:53Z,45.535635,-122.586545,46.50,91.0,1,10,1.0
2024-03-21T17:26:58Z,45.535487,-122.585037,47.01,103.4,1,11,0.9
2024-03-21T17:27:03Z,45.535070,-122.583532,48.09,116.1,1,10,1.0
2024-03-21T17:27:08Z,45.534520,-122.582127,49.27,119.5,1,11,0.9
2024-03-21T17:27:13Z,45.533963,-122.580672,50.36,116.8,1,11,0.9
2024-03-21T17:27:23Z,45.532938,-122.577755,48.70,116.4,1,9,1.0
2024-03-21T17:27:28Z,45.532457,-122.576355,45.56,115.9,1,10,0.9
2024-03-21T17:27:33Z,45.532000,-122.575000,45.33,114.7,1,10,0.9
2024-03-21T17:27:38Z,45.531610,-122.573580,47.55,107.2,1,11,0.9
2024-03-21T17:27:43Z,45.531385,-122.572000,50.15,97.8,1,10,0.9
2024-03-21T17:27:48Z,45.531340,-122.570355,50.57,88.3,1,11,0.9
2024-03-21T17:27:53Z,45.531482,-122.568690,51.38,79.5,1,11,0.9
2024-03-21T17:27:58Z,45.531797,-122.567027,52.57,69.5,1,11,0.9
2024-03-21T17:28:03Z,45.532360,-122.565462,54.68,61.7,1,10,0.9
2024-03-21T17:28:08Z,45.533068,-122.563993,53.63,54.4,1,4,3.3
2024-03-21T17:28:13Z,45.533982,-122.562733,55.50,44.2,1,9,1.4
2024-03-21T17:28:18Z,45.534963,-122.561565,57.16,37.1,1,10,1.0
2024-03-21T17:28:23Z,45.536145,-122.560600,57.69,25.6,1,10,1.0
2024-03-21T17:28:33Z,45.538678,-122.559825,54.19,5.0,1,8,1.2
2024-03-21T17:28:38Z,45.539920,-122.559750,53.44,4.9,1,8,1.4
2024-03-21T17:28:43Z,45.541135,-122.559473,51.96,9.4,1,8,1.4
2024-03-21T17:28:48Z,45.542305,-122.559153,50.01,10.4,1,8,1.4
2024-03-21T17:28:53Z,45.543390,-122.558993,48.15,1.6,1,9,1.1
2024-03-21T17:28:58Z,45.544502,-122.558955,47.72,1.2,6,0,50.0
2024-03-21T17:29:03Z,45.545417,-122.559532,41.98,343.0,1,4,2.7
2024-03-21T17:29:08Z,45.546373,-122.559855,41.91,348.1,1,7,1.3
2024-03-21T17:29:13Z,45.547270,-122.560027,38.15,351.8,1,7,1.3
2024-03-21T17:29:18Z,45.548167,-122.560230,39.35,349.1,1,8,1.1
2024-03-21T17:29:23Z,45.549128,-122.560600,44.24,340.0,1,10,1.0
2024-03-21T17:29:28Z,45.549995,-122.561395,42.68,323.1,1,9,1.0
2024-03-21T17:29:38Z,45.551437,-122.563335,39.65,314.9,1,7,1.7
2024-03-21T17:29:43Z,45.552110,-122.564323,44.05,315.3,1,9,1.1
2024-03-21T17:29:48Z,45.552895,-122.565365,46.08,318.9,1,9,1.1
2024-03-21T17:29:53Z,45.553800,-122.566147,45.04,333.4,1,8,1.4
2024-03-21T17:29:58Z,45.554808,-122.566603,46.09,345.8,1,8,1.4
2024-03-21T17:30:03Z,45.555933,-122.566800,51.92,358.2,1,10,1.0
2024-03-21T17:30:13Z,45.558308,-122.566062,52.30,24.6,1,10,1.0
2024-03-21T17:30:18Z,45.559263,-122.565143,48.30,37.7,1,10,1.0
2024-03-21T17:30:23Z,45.560045,-122.564065,45.47,42.7,1,11,0.9
2024-03-21T17:30:28Z,45.560775,-122.563067,42.75,44.2,6,0,50.0
2024-03-21T17:30:33Z,45.561450,-122.562117,40.68,43.6,1,10,1.0
2024-03-21T17:30:38Z,45.562120,-122.561242,38.60,43.1,1,10,1.0
2024-03-21T17:30:48Z,45.563410,-122.559582,34.92,42.5,1,10,1.0
2024-03-21T17:30:53Z,45.563950,-122.558860,31.78,42.3,1,11,0.9
2024-03-21T17:30:58Z,45.564500,-122.558137,35.18,42.7,1,10,1.0
2024-03-21T17:31:03Z,45.565162,-122.557227,42.73,44.4,1,10,1.0
2024-03-21T17:31:08Z,45.565895,-122.556270,41.99,42.1,1,10,1.0
2024-03-21T17:31:13Z,45.566598,-122.555318,41.92,43.0,1,11,0.9
2024-03-21T17:31:18Z,45.567303,-122.554293,44.53,46.9,1,11,0.9
2024-03-21T17:31:23Z,45.567992,-122.553188,45.48,47.7,1,11,0.9
2024-03-21T17:31:28Z,45.568705,-122.552057,46.85,48.4,1,11,0.9
2024-03-21T17:31:33Z,45.569415,-122.550890,45.77,49.0,1,11,0.9
2024-03-21T17:31:38Z,45.570140,-122.549858,44.29,36.0,1,10,0.9
2024-03-21T17:31:43Z,45.571153,-122.549488,46.05,4.9,1,9,1.0
2024-03-21T17:31:48Z,45.572197,-122.549963,47.50,333.9,1,11,0.9
2024-03-21T17:31:53Z,45.572908,-122.551120,47.04,302.4,1,11,0.9
2024-03-21T17:31:58Z,45.573300,-122.552753,53.09,288.7,1,10,0.9
2024-03-21T17:32:03Z,45.573780,-122.554267,47.06,302.4,1,8,1.2
2024-03-21T17:32:08Z,45.574392,-122.555517,44.38,306.2,1,8,1.4
2024-03-21T17:32:13Z,45.574983,-122.556603,38.48,305.3,1,11,0.9
2024-03-21T17:32:18Z,45.575448,-122.557632,36.91,299.9,1,10,1.0
2024-03-21T17:32:23Z,45.575895,-122.558777,41.62,298.8,1,10,1.0
2024-03-21T17:32:28Z,45.576368,-122.559987,41.36,299.0,1,11,0.9
2024-03-21T17:32:38Z,45.577280,-122.562337,38.68,299.4,1,11,0.9
2024-03-21T17:32:43Z,45.577715,-122.563412,35.89,298.7,1,11,0.9
2024-03-21T17:32:48Z,45.578087,-122.564447,36.86,297.9,1,11,0.9
2024-03-21T17:32:53Z,45.578510,-122.565542,38.87,298.7,1,11,0.9
2024-03-21T17:32:58Z,45.578940,-122.566650,36.38,298.3,1,11,0.9
2024-03-21T17:33:03Z,45.579325,-122.567635,33.23,299.3,1,11,0.9
2024-03-21T17:33:08Z,45.579687,-122.568537,30.31,299.4,1,11,0.9
2024-03-21T17:33:18Z,45.580292,-122.570075,21.48,301.5,1,10,1.0
2024-03-21T17:33:23Z,45.580462,-122.570512,10.97,296.4,1,10,1.0
2024-03-21T17:33:28Z,45.580508,-122.570657,3.30,300.4,1,10,1.0
2024-03-21T17:33:33Z,45.580507,-122.570675,0.12,23.1,1,11,0.9
2024-03-21T17:33:38Z,45.580508,-122.570668,0.30,34.1,1,9,1.1
2024-03-21T17:33:43Z,45.580528,-122.570728,4.78,295.9,1,10,1.0
2024-03-21T17:33:48Z,45.580620,-122.570960,11.12,299.0,1,10,1.0
2024-03-21T17:33:53Z,45.580818,-122.571433,19.97,300.4,1,9,1.1
2024-03-21T17:33:58Z,45.581075,-122.572065,24.00,299.2,1,9,1.1
2024-03-21T17:34:03Z,45.581352,-122.572808,27.06,298.0,1,9,1.1
2024-03-21T17:34:08Z,45.581638,-122.573562,23.86,296.9,1,9,1.1
2024-03-21T17:34:13Z,45.581893,-122.574240,21.86,298.1,1,8,1.1
2024-03-21T17:34:18Z,45.582115,-122.574865,23.01,298.8,1,8,1.1
2024-03-21T17:34:28Z,45.582707,-122.576413,28.75,299.3,1,9,1.0
2024-03-21T17:34:33Z,45.583028,-122.577255,29.42,299.1,1,9,1.0
2024-03-21T17:34:38Z,45.583365,-122.578085,29.98,299.8,1,8,1.1
2024-03-21T17:34:43Z,45.583713,-122.578963,30.69,299.8,1,9,1.1
2024-03-21T17:34:48Z,45.584045,-122.579822,29.11,297.8,1,10,1.0
2024-03-21T17:34:58Z,45.584675,-122.581392,26.13,298.4,1,9,1.1
2024-03-21T17:35:03Z,45.584997,-122.582177,27.92,300.4,1,10,1.0
2024-03-21T17:35:08Z,45.585312,-122.582998,29.64,296.9,1,10,1.0
2024-03-21T17:35:13Z,45.585633,-122.583822,24.83,298.2,1,10,1.0
2024-03-21T17:35:18Z,45.585933,-122.584468,23.36,311.5,1,10,1.0
2024-03-21T17:35:28Z,45.586867,-122.585382,23.63,323.4,1,10,0.9
2024-03-21T17:35:33Z,45.587305,-122.585940,25.44,314.1,1,11,0.9
2024-03-21T17:35:38Z,45.587653,-122.586560,23.17,303.3,1,11,0.9
2024-03-21T17:35:43Z,45.587917,-122.587212,23.80,300.1,1,11,0.9
2024-03-21T17:35:48Z,45.588208,-122.587878,23.59,304.3,1,10,1.0
2024-03-21T17:35:53Z,45.588507,-122.588515,24.98,301.1,1,9,1.2
2024-03-21T17:36:03Z,45.589122,-122.590063,24.95,298.0,1,10,0.9
2024-03-21T17:36:08Z,45.589368,-122.590727,21.93,298.5,1,10,0.9
2024-03-21T17:36:13Z,45.589612,-122.591282,17.78,300.5,1,10,1.0
2024-03-21T17:36:18Z,45.589758,-122.591673,10.83,293.7,1,10,1.0
2024-03-21T17:36:23Z,45.589748,-122.591793,2.75,272.8,1,9,1.2
2024-03-21T17:36:28Z,45.589740,-122.591878,2.06,275.6,1,9,1.1
2024-03-21T17:36:33Z,45.589735,-122.591928,0.62,277.4,1,10,1.0
2024-03-21T17:36:38Z,45.589750,-122.591960,1.51,258.4,1,10,1.0
2024-03-21T17:36:43Z,45.589703,-122.592027,1.31,247.6,1,10,1.0
2024-03-21T17:36:48Z,45.589668,-122.592112,3.65,253.3,1,10,1.0
2024-03-21T17:36:53Z,45.589633,-122.592237,3.26,255.2,1,10,1.0
2024-03-21T17:36:58Z,45.589602,-122.592355,2.69,255.6,1,9,1.2
2024-03-21T17:37:03Z,45.589545,-122.592447,1.62,270.4,1,10,1.0
2024-03-21T17:37:08Z,45.589522,-122.592485,0.56,62.1,1,10,1.0
2024-03-21T17:37:13Z,45.589550,-122.592535,1.29,341.1,1,10,1.0
2024-03-21T17:37:18Z,45.589600,-122.592553,0.86,352.3,1,11,0.9
2024-03-21T17:37:23Z,45.589612,-122.592525,0.80,178.8,1,11,0.9
2024-03-21T17:37:28Z,45.589633,-122.592513,0.64,151.9,1,11,0.9
2024-03-21T17:37:33Z,45.589672,-122.592497,0.50,352.6,1,11,0.9
2024-03-21T17:37:38Z,45.589640,-122.592477,0.59,11.2,1,10,1.0
2024-03-21T17:37:43Z,45.589655,-122.592462,0.23,22.1,1,11,0.9
2024-03-21T17:37:48Z,45.589662,-122.592437,0.31,259.5,1,11,0.9
2024-03-21T17:37:53Z,45.589615,-122.592477,1.05,58.5,1,11,0.9
2024-03-21T17:37:58Z,45.589583,-122.592522,1.49,212.0,1,11,0.9
2024-03-21T17:38:03Z,45.589557,-122.592567,2.49,206.4,1,11,0.9
2024-03-21T17:38:08Z,45.589485,-122.592637,2.42,211.9,1,11,0.9
2024-03-21T17:38:13Z,45.589432,-122.592652,1.06,167.4,1,11,0.9
2024-03-21T17:38:18Z,45.589385,-122.592628,0.95,170.9,1,11,0.9
2024-03-21T17:38:23Z,45.589330,-122.592625,0.64,178.7,1,11,0.9
2024-03-21T17:38:28Z,45.589287,-122.592688,0.69,231.5,1,11,0.9
2024-03-21T17:38:38Z,45.589217,-122.592717,0.32,227.3,1,11,0.9
2024-03-21T17:38:43Z,45.589197,-122.592747,0.57,18.1,1,11,0.9
2024-03-21T17:38:48Z,45.589188,-122.592712,1.44,58.3,1,11,0.9
2024-03-21T17:38:53Z,45.589160,-122.592730,0.20,273.2,1,11,0.9
2024-03-21T17:38:58Z,45.589152,-122.592777,0.46,59.8,1,11,0.9
2024-03-21T17:39:08Z,45.589140,-122.592790,0.45,134.8,1,11,0.9
2024-03-21T17:39:13Z,45.589095,-122.592802,0.12,174.1,1,11,0.9
2024-03-21T17:39:18Z,45.589092,-122.592817,0.78,306.7,1,10,1.0
2024-03-21T17:39:23Z,45.589073,-122.592892,0.14,113.3,1,11,0.9
2024-03-21T17:39:28Z,45.589043,-122.592947,0.52,262.3,1,11,0.9
2024-03-21T17:39:33Z,45.589003,-122.592973,0.19,232.5,1,11,0.9
2024-03-21T17:39:43Z,45.588997,-122.593042,0.29,250.8,1,11,0.9
2024-03-21T17:39:48Z,45.589005,-122.593053,0.61,182.2,1,11,0.9
2024-03-21T17:39:53Z,45.588995,-122.593045,0.92,73.1,1,11,0.9
2024-03-21T17:39:58Z,45.589045,-122.592990,0.73,328.3,1,11,0.9
2024-03-21T17:40:03Z,45.589048,-122.592945,0.39,170.1,1,11,0.9
2024-03-21T17:40:13Z,45.589015,-122.592875,0.66,72.8,1,11,0.9
2024-03-21T17:40:18Z,45.589013,-122.592865,0.41,83.7,1,11,0.9
2024-03-21T17:40:23Z,45.589043,-122.592848,0.74,247.8,1,11,0.9
2024-03-21T17:40:28Z,45.589025,-122.592850,0.55,142.2,1,10,0.9
2024-03-21T17:40:33Z,45.589003,-122.592828,0.40,234.7,1,9,1.0
2024-03-21T17:40:38Z,45.589002,-122.592837,0.62,26.9,1,11,0.9
2024-03-21T17:40:43Z,45.588957,-122.592812,0.78,203.7,1,8,1.2
2024-03-21T17:40:48Z,45.588953,-122.592813,0.39,3.1,1,8,1.1
2024-03-21T17:40:53Z,45.588993,-122.592782,1.67,43.3,1,7,2.2
2024-03-21T17:40:58Z,45.588998,-122.592747,0.20,37.2,1,11,0.9
2024-03-21T17:41:03Z,45.589000,-122.592810,1.25,62.9,1,11,0.9
2024-03-21T17:41:13Z,45.588958,-122.592767,0.64,190.9,1,11,0.9
2024-03-21T17:41:18Z,45.588912,-122.592822,0.50,256.4,1,11,0.9
2024-03-21T17:41:23Z,45.588882,-122.592882,0.52,357.4,1,11,0.9
2024-03-21T17:41:28Z,45.588903,-122.592912,0.58,137.1,1,11,0.9
2024-03-21T17:41:33Z,45.588902,-122.592902,0.06,125.9,1,11,0.9
2024-03-21T17:41:38Z,45.588885,-122.592862,0.22,97.4,1,10,1.0
2024-03-21T17:41:48Z,45.588917,-122.592860,0.25,308.6,1,11,0.9
2024-03-21T17:41:53Z,45.588908,-122.592853,0.78,357.8,1,11,0.9
2024-03-21T17:41:58Z,45.588913,-122.592832,0.62,315.0,1,11,0.9
2024-03-21T17:42:03Z,45.588930,-122.592818,0.17,325.0,1,11,0.9
2024-03-21T17:42:08Z,45.588903,-122.592833,1.07,140.4,1,11,0.9
2024-03-21T17:42:18Z,45.588942,-122.592873,0.28,40.4,1,11,0.8
2024-03-21T17:42:23Z,45.588943,-122.592832,0.69,175.7,1,11,0.8
2024-03-21T17:42:28Z,45.588988,-122.592792,0.15,1.7,1,11,0.8
2024-03-21T17:42:33Z,45.588995,-122.592762,1.58,86.9,1,4,5.1
2024-03-21T17:42:38Z,45.588998,-122.592642,3.55,86.0,6,0,50.0
2024-03-21T17:42:43Z,45.589003,-122.592525,3.55,86.0,6,0,50.0
2024-03-21T17:42:48Z,45.589010,-122.592408,3.55,86.0,6,0,50.0
2024-03-21T17:42:58Z,45.589563,-122.592900,1.13,51.1,1,4,2.8
2024-03-21T17:43:03Z,45.589260,-122.593195,2.06,292.1,1,8,1.2
2024-03-21T17:43:08Z,45.589243,-122.593222,0.19,207.0,1,7,1.3
2024-03-21T17:43:13Z,45.589230,-122.593210,1.13,299.9,1,5,2.3
2024-03-21T17:43:18Z,45.589172,-122.593202,0.85,166.3,1,5,2.3
2024-03-21T17:43:23Z,45.589135,-122.593172,0.97,256.4,1,5,2.3
2024-03-21T17:43:28Z,45.589060,-122.593068,1.09,144.2,1,5,2.3
2024-03-21T17:43:33Z,45.589030,-122.593075,0.85,83.6,1,7,1.5
2024-03-21T17:43:43Z,45.588978,-122.593032,2.20,95.4,1,3,21.9
2024-03-21T17:43:48Z,45.589042,-122.592975,2.04,31.2,6,0,50.0
2024-03-21T17:43:53Z,45.589082,-122.592940,2.04,31.2,6,0,50.0
2024-03-21T17:43:58Z,45.589038,-122.593053,2.99,185.8,1,3,3.1
2024-03-21T17:44:03Z,45.588997,-122.593092,2.34,256.0,1,3,3.1
2024-03-21T17:44:08Z,45.589080,-122.593245,3.51,330.6,1,3,3.1
2024-03-21T17:44:13Z,45.589165,-122.593425,2.58,99.0,1,4,3.4
2024-03-21T17:44:18Z,45.589163,-122.593412,0.69,272.7,1,6,2.3
2024-03-21T17:44:23Z,45.589113,-122.593393,1.10,180.2,1,5,2.8
2024-03-21T17:44:28Z,45.589110,-122.593390,1.47,256.5,1,3,2.8
2024-03-21T17:44:33Z,45.589138,-122.593455,0.79,253.9,1,3,3.2
2024-03-21T17:44:38Z,45.589088,-122.593247,3.79,103.2,1,3,3.2
2024-03-21T17:44:43Z,45.589152,-122.593238,0.49,125.8,1,6,2.3
2024-03-21T17:44:48Z,45.589200,-122.593328,2.29,300.0,1,5,2.8
2024-03-21T17:44:58Z,45.589177,-122.593242,1.18,185.3,1,5,2.9
2024-03-21T17:45:03Z,45.589132,-122.593102,1.22,80.1,1,5,2.9
2024-03-21T17:45:08Z,45.589090,-122.593020,2.76,157.1,1,3,6.7
2024-03-21T17:45:13Z,45.589080,-122.593007,0.59,38.3,1,5,1.8
2024-03-21T17:45:23Z,45.589040,-122.593080,1.08,159.1,1,4,2.6
2024-03-21T17:45:28Z,45.589040,-122.593157,1.52,87.6,1,4,2.3
2024-03-21T17:45:33Z,45.589058,-122.593103,2.49,5.5,1,3,2.8
2024-03-21T17:45:38Z,45.589062,-122.593163,3.31,330.7,1,3,6.7
2024-03-21T17:45:43Z,45.589040,-122.593147,1.25,100.8,1,3,6.6
2024-03-21T17:45:48Z,45.588895,-122.592957,4.18,131.9,1,3,6.6
2024-03-21T17:45:53Z,45.588732,-122.592867,5.41,156.5,6,0,50.0
2024-03-21T17:45:58Z,45.588617,-122.592795,5.41,156.5,6,0,50.0
2024-03-21T17:46:48Z,45.589200,-122.593453,6.75,318.4,1,3,3.3
2024-03-21T17:46:53Z,45.589212,-122.593415,4.30,345.0,6,0,50.0
2024-03-21T17:46:58Z,45.589147,-122.593298,0.89,333.0,1,3,3.3
2024-03-21T17:47:03Z,45.589108,-122.593130,2.44,107.6,6,0,50.0
2024-03-21T17:47:08Z,45.589152,-122.593087,3.84,28.0,1,3,3.3
2024-03-21T17:47:13Z,45.589230,-122.593027,3.84,28.0,6,0,50.0
2024-03-21T17:47:18Z,45.589263,-122.593227,1.78,257.1,1,3,3.3
2024-03-21T17:47:23Z,45.589083,-122.593178,0.46,359.1,1,3,3.3
2024-03-21T17:47:33Z,45.589063,-122.593110,1.76,34.7,6,0,50.0
2024-03-21T17:47:38Z,45.589148,-122.593250,1.92,338.4,1,3,3.3
2024-03-21T17:47:43Z,45.589267,-122.593475,5.75,321.6,1,3,3.4
2024-03-21T17:47:48Z,45.589325,-122.593473,3.87,340.1,6,0,50.0
2024-03-21T17:47:53Z,45.589408,-122.593517,3.87,340.1,6,0,50.0
2024-03-21T17:47:58Z,45.589493,-122.593560,3.87,340.1,6,0,50.0
2024-03-21T17:49:48Z,45.589302,-122.593220,10.52,193.5,1,3,4.4
2024-03-21T17:49:53Z,45.589065,-122.593300,10.52,193.5,6,0,50.0
2024-03-21T17:49:58Z,45.588828,-122.593382,10.52,193.5,6,0,50.0
2024-03-21T17:50:13Z,45.589020,-122.593255,3.00,343.8,1,3,4.5
2024-03-21T17:50:18Z,45.589107,-122.593277,4.30,318.1,1,3,4.5
2024-03-21T17:50:23Z,45.589088,-122.593258,1.11,283.1,1,3,4.5
2024-03-21T17:50:28Z,45.589185,-122.593425,4.10,330.9,1,3,4.5
2024-03-21T17:50:38Z,45.589298,-122.593378,5.10,70.0,1,3,4.5
2024-03-21T17:50:43Z,45.589223,-122.593393,2.50,292.0,1,4,3.4
2024-03-21T17:50:48Z,45.589207,-122.593410,1.18,34.4,6,0,50.0
2024-03-21T17:50:53Z,45.589305,-122.593498,5.32,320.9,1,3,6.2
2024-03-21T17:50:58Z,45.589310,-122.593530,1.92,353.1,1,3,6.3
2024-03-21T17:51:03Z,45.589322,-122.593297,5.57,76.9,1,4,3.5
2024-03-21T17:51:08Z,45.589535,-122.593657,7.63,313.3,1,4,3.5
2024-03-21T17:51:13Z,45.589475,-122.593605,1.67,324.5,6,0,50.0
2024-03-21T17:51:18Z,45.589217,-122.593273,2.28,118.8,1,4,3.5
2024-03-21T17:51:23Z,45.589197,-122.593245,1.02,180.2,1,4,3.5
2024-03-21T17:51:28Z,45.589230,-122.593120,5.39,78.6,1,4,3.5
2024-03-21T17:51:33Z,45.589255,-122.592932,5.80,74.9,6,0,50.0
2024-03-21T17:51:38Z,45.589290,-122.592748,5.80,74.9,6,0,50.0
2024-03-21T17:51:43Z,45.589325,-122.592563,5.80,74.9,6,0,50.0
2024-03-21T17:52:33Z,45.588217,-122.591300,5.06,142.2,6,0,50.0
2024-03-21T17:52:38Z,45.588123,-122.591197,5.06,142.2,6,0,50.0
2024-03-21T17:52:43Z,45.588032,-122.591095,5.06,142.2,6,0,50.0
2024-03-21T17:52:53Z,45.589362,-122.593655,10.03,316.2,1,3,50.0
2024-03-21T17:53:03Z,45.590343,-122.595610,16.50,309.8,1,3,50.0
2024-03-21T17:53:08Z,45.591153,-122.597347,19.80,301.9,1,3,50.0
2024-03-21T17:53:13Z,45.589055,-122.593068,2.53,289.6,1,6,2.1
2024-03-21T17:53:18Z,45.589113,-122.593148,2.41,350.5,1,7,1.7
2024-03-21T17:53:23Z,45.589213,-122.593207,2.03,2.6,1,6,1.7
2024-03-21T17:53:28Z,45.589252,-122.593248,0.47,243.0,1,5,3.7
2024-03-21T17:53:33Z,45.589382,-122.593332,5.35,343.0,1,5,3.1
2024-03-21T17:53:38Z,45.589470,-122.593367,3.55,334.3,1,5,3.8
2024-03-21T17:53:43Z,45.589465,-122.593427,5.92,304.5,1,4,4.9
2024-03-21T17:53:48Z,45.589563,-122.593587,6.49,312.5,6,0,50.0
2024-03-21T17:53:58Z,45.589767,-122.593902,6.49,312.5,6,0,50.0
2024-03-21T17:54:28Z,45.588915,-122.593273,6.48,153.8,1,3,2.7
2024-03-21T17:54:33Z,45.588927,-122.593425,2.86,231.7,6,0,50.0
2024-03-21T17:54:38Z,45.589090,-122.593260,5.28,26.1,1,4,2.3
2024-03-21T17:54:48Z,45.589013,-122.593160,0.50,238.7,6,0,50.0
2024-03-21T17:54:53Z,45.589007,-122.593173,0.50,238.7,6,0,50.0
2024-03-21T17:54:58Z,45.589000,-122.593187,0.50,238.7,6,0,50.0
2024-03-21T17:55:18Z,45.589595,-122.593478,1.26,353.9,1,3,3.5
2024-03-21T17:55:28Z,45.589427,-122.593355,2.50,81.5,6,0,50.0
2024-03-21T17:55:33Z,45.589343,-122.593565,2.18,259.0,1,3,3.5
2024-03-21T17:55:38Z,45.589335,-122.593547,2.37,91.2,1,3,5.5
2024-03-21T17:55:43Z,45.589287,-122.593435,4.03,120.0,6,0,50.0
2024-03-21T17:55:48Z,45.589240,-122.593320,4.03,120.0,6,0,50.0
2024-03-21T17:55:53Z,45.589193,-122.593205,4.03,120.0,6,0,50.0
2024-03-21T17:57:03Z,45.589033,-122.593010,7.08,311.2,1,3,6.0
2024-03-21T17:57:08Z,45.589300,-122.593315,10.31,319.9,6,0,50.0
2024-03-21T17:57:13Z,45.589472,-122.593690,11.21,312.7,1,3,3.7
2024-03-21T17:57:23Z,45.589908,-122.594228,9.30,315.2,6,0,50.0
2024-03-21T17:57:28Z,45.589637,-122.594112,6.63,164.6,6,0,50.0
2024-03-21T17:57:33Z,45.589488,-122.594053,6.63,164.6,6,0,50.0
2024-03-21T17:57:38Z,45.589340,-122.593995,6.63,164.6,6,0,50.0
2024-03-21T17:58:08Z,45.588877,-122.593388,7.75,215.0,1,3,2.1
2024-03-21T17:58:13Z,45.588747,-122.593530,6.58,205.5,6,0,50.0
2024-03-21T17:58:18Z,45.588610,-122.593623,6.58,205.5,6,0,50.0
2024-03-21T17:58:23Z,45.588472,-122.593717,6.58,205.5,6,0,50.0
2024-03-21T17:58:58Z,45.588168,-122.593618,2.15,141.6,6,0,50.0
2024-03-21T17:59:03Z,45.589023,-122.593273,8.14,31.6,6,0,50.0
2024-03-21T17:59:08Z,45.589183,-122.593132,8.14,31.6,6,0,50.0
2024-03-21T17:59:13Z,45.589343,-122.592992,8.14,31.6,6,0,50.0
2024-03-21T17:59:58Z,45.590018,-122.592610,2.99,335.8,6,0,50.0
2024-03-21T18:00:03Z,45.590038,-122.592715,1.83,329.1,6,0,50.0
2024-03-21T18:00:08Z,45.589228,-122.593137,2.54,192.9,1,3,2.2
2024-03-21T18:00:13Z,45.589160,-122.593197,1.38,285.3,1,3,2.2
2024-03-21T18:00:18Z,45.589207,-122.593233,2.14,294.7,6,0,50.0
2024-03-21T18:00:28Z,45.589175,-122.593280,3.29,356.7,1,3,4.8
2024-03-21T18:00:33Z,45.589220,-122.593332,2.81,325.2,6,0,50.0
2024-03-21T18:00:38Z,45.589163,-122.593185,2.07,163.3,1,3,5.2
2024-03-21T18:00:43Z,45.589120,-122.593178,1.00,183.4,6,0,50.0
2024-03-21T18:00:53Z,45.588913,-122.593378,4.51,219.8,6,0,50.0
2024-03-21T18:00:58Z,45.588833,-122.593473,4.51,219.8,6,0,50.0
2024-03-21T18:01:38Z,45.588803,-122.592890,0.72,269.7,6,0,50.0
2024-03-21T18:01:43Z,45.588840,-122.593095,0.54,284.7,1,3,2.6
2024-03-21T18:01:53Z,45.589007,-122.593233,2.60,329.8,1,3,2.6
2024-03-21T18:01:58Z,45.588902,-122.593320,4.12,211.3,6,0,50.0
2024-03-21T18:02:03Z,45.588820,-122.593390,4.12,211.3,6,0,50.0
2024-03-21T18:02:08Z,45.588740,-122.593460,4.12,211.3,6,0,50.0
2024-03-21T18:02:18Z,45.588873,-122.593242,1.25,104.7,6,0,50.0
2024-03-21T18:02:23Z,45.588865,-122.593382,2.64,227.4,6,0,50.0
2024-03-21T18:02:28Z,45.588838,-122.593522,1.89,256.1,1,4,2.6
2024-03-21T18:02:33Z,45.588692,-122.593642,4.39,218.2,1,4,2.6
2024-03-21T18:02:43Z,45.588442,-122.593912,7.77,216.6,6,0,50.0
2024-03-21T18:02:48Z,45.588298,-122.594063,7.77,216.6,6,0,50.0
2024-03-21T18:02:53Z,45.588153,-122.594217,7.77,216.6,6,0,50.0
2024-03-21T18:03:08Z,45.588938,-122.593400,7.90,46.8,1,3,2.5
2024-03-21T18:03:18Z,45.589103,-122.593262,0.86,129.8,6,0,50.0
2024-03-21T18:03:23Z,45.589090,-122.593240,0.86,129.8,6,0,50.0
2024-03-21T18:03:28Z,45.588923,-122.593318,4.39,172.2,1,3,2.5
2024-03-21T18:03:33Z,45.588937,-122.593267,1.95,84.4,6,0,50.0
2024-03-21T18:03:43Z,45.588808,-122.593468,3.65,226.1,6,0,50.0
2024-03-21T18:03:48Z,45.589220,-122.592948,12.49,59.3,6,0,50.0
2024-03-21T18:03:53Z,45.589367,-122.592595,12.49,59.3,6,0,50.0
2024-03-21T18:03:58Z,45.589515,-122.592240,12.49,59.3,6,0,50.0
2024-03-21T18:04:23Z,45.589017,-122.593028,3.30,224.8,1,3,2.5
2024-03-21T18:04:28Z,45.589020,-122.593090,1.96,248.4,6,0,50.0
2024-03-21T18:04:33Z,45.588975,-122.593012,4.76,185.8,1,3,2.5
2024-03-21T18:04:38Z,45.589013,-122.593100,4.48,268.3,1,3,4.4
2024-03-21T18:04:48Z,45.589097,-122.593258,2.84,51.8,1,3,7.2
2024-03-21T18:04:53Z,45.589287,-122.592972,10.01,61.8,1,4,2.6
2024-03-21T18:04:58Z,45.589617,-122.592335,16.27,58.3,1,4,2.6
2024-03-21T18:05:03Z,45.589640,-122.592442,4.12,33.5,1,3,7.1
2024-03-21T18:05:13Z,45.589532,-122.592583,2.54,207.2,1,3,2.3
2024-03-21T18:05:18Z,45.589480,-122.592622,2.54,207.2,6,0,50.0
2024-03-21T18:05:23Z,45.589580,-122.592612,3.01,37.8,1,3,2.3
2024-03-21T18:05:28Z,45.589653,-122.592465,5.49,43.0,6,0,50.0
2024-03-21T18:05:38Z,45.589840,-122.592218,5.49,43.0,6,0,50.0
2024-03-21T18:05:48Z,45.588998,-122.593112,9.28,217.6,1,3,1.8
2024-03-21T18:05:53Z,45.589027,-122.593225,2.96,249.4,6,0,50.0
2024-03-21T18:05:58Z,45.589143,-122.593230,0.46,301.1,1,3,1.8
2024-03-21T18:06:08Z,45.589138,-122.593315,0.73,326.2,1,5,1.7
2024-03-21T18:06:13Z,45.589155,-122.593285,1.82,16.7,1,4,3.2
2024-03-21T18:06:18Z,45.589115,-122.593273,0.96,80.2,1,5,2.5
2024-03-21T18:06:23Z,45.589115,-122.593293,1.32,71.4,1,6,2.4
2024-03-21T18:06:28Z,45.589102,-122.593282,1.35,331.6,1,8,1.4
2024-03-21T18:06:33Z,45.589078,-122.593355,0.97,287.2,1,8,1.0
2024-03-21T18:06:38Z,45.589088,-122.593367,1.35,11.3,1,8,1.0
2024-03-21T18:06:43Z,45.589078,-122.593383,0.37,187.6,1,4,2.6
2024-03-21T18:06:48Z,45.589083,-122.593382,2.80,2.8,1,4,2.6
2024-03-21T18:06:53Z,45.589083,-122.593357,1.56,252.2,1,4,1.6
2024-03-21T18:07:03Z,45.588970,-122.593392,1.89,253.1,1,3,4.9
2024-03-21T18:07:08Z,45.588958,-122.593452,1.89,253.1,6,0,50.0
2024-03-21T18:07:13Z,45.588945,-122.593510,1.89,253.1,6,0,50.0
2024-03-21T18:07:23Z,45.589048,-122.593282,3.14,4.7,6,0,50.0
2024-03-21T18:07:28Z,45.589120,-122.593273,3.14,4.7,6,0,50.0
2024-03-21T18:07:33Z,45.589193,-122.593265,3.14,4.7,6,0,50.0
2024-03-21T18:08:03Z,45.588365,-122.593873,1.74,280.6,1,3,2.9
2024-03-21T18:08:08Z,45.588558,-122.593812,1.53,350.1,1,4,2.1
2024-03-21T18:08:13Z,45.588578,-122.593635,2.59,219.7,1,7,1.2
2024-03-21T18:08:23Z,45.588555,-122.593782,2.61,291.4,1,3,4.8
2024-03-21T18:08:28Z,45.588635,-122.593703,2.96,35.0,6,0,50.0
2024-03-21T18:08:33Z,45.588692,-122.593648,2.96,35.0,6,0,50.0
2024-03-21T18:08:38Z,45.588747,-122.593592,2.96,35.0,6,0,50.0
2024-03-21T18:09:23Z,45.588922,-122.594600,2.72,197.2,1,4,4.6
2024-03-21T18:09:28Z,45.588670,-122.594400,2.04,184.0,1,3,7.0
2024-03-21T18:09:33Z,45.588603,-122.594432,2.67,195.2,6,0,50.0
2024-03-21T18:09:38Z,45.588543,-122.594455,2.67,195.2,6,0,50.0
2024-03-21T18:09:53Z,45.588972,-122.594858,7.92,311.0,1,4,4.1
2024-03-21T18:09:58Z,45.588963,-122.594798,1.21,280.7,1,3,5.1
2024-03-21T18:10:03Z,45.588777,-122.594543,4.25,131.7,6,0,50.0
2024-03-21T18:10:08Z,45.588712,-122.594438,4.25,131.7,6,0,50.0
2024-03-21T18:10:13Z,45.588645,-122.594333,4.25,131.7,6,0,50.0
2024-03-21T18:10:18Z,45.588665,-122.594430,3.67,203.8,1,4,3.6
2024-03-21T18:10:23Z,45.588592,-122.594468,4.69,191.8,6,0,50.0
2024-03-21T18:10:28Z,45.588485,-122.594500,4.69,191.8,6,0,50.0
2024-03-21T18:10:33Z,45.588378,-122.594532,4.69,191.8,6,0,50.0
2024-03-21T18:11:48Z,45.588245,-122.594528,0.28,262.3,1,3,50.0
2024-03-21T18:11:53Z,45.588243,-122.594537,0.28,262.3,6,0,50.0
2024-03-21T18:11:58Z,45.588243,-122.594547,0.28,262.3,6,0,50.0
2024-03-21T18:12:03Z,45.588155,-122.593818,7.00,110.5,1,3,7.0
2024-03-21T18:12:13Z,45.587978,-122.593462,6.52,120.6,6,0,50.0
2024-03-21T18:12:18Z,45.587902,-122.593277,6.52,120.6,6,0,50.0
2024-03-21T18:13:03Z,45.589280,-122.593485,2.04,20.4,1,3,4.3
2024-03-21T18:13:08Z,45.589315,-122.593408,1.34,3.9,6,0,50.0
2024-03-21T18:13:13Z,45.589235,-122.593443,0.83,260.1,6,0,50.0
2024-03-21T18:13:18Z,45.589232,-122.593472,0.83,260.1,6,0,50.0
2024-03-21T18:13:23Z,45.589228,-122.593498,0.83,260.1,6,0,50.0
2024-03-21T18:13:38Z,45.588375,-122.594650,3.12,200.7,1,4,2.0
2024-03-21T18:13:48Z,45.588478,-122.594635,0.57,65.6,1,3,4.9
2024-03-21T18:13:53Z,45.588537,-122.594615,1.72,49.5,1,4,2.4
2024-03-21T18:13:58Z,45.588563,-122.594572,1.72,49.5,6,0,50.0
2024-03-21T18:14:03Z,45.588588,-122.594528,1.72,49.5,6,0,50.0
2024-03-21T18:14:13Z,45.588732,-122.594242,3.36,157.3,1,3,4.0
2024-03-21T18:14:18Z,45.588552,-122.594212,3.69,122.5,6,0,50.0
2024-03-21T18:14:23Z,45.588507,-122.594108,3.69,122.5,6,0,50.0
2024-03-21T18:14:28Z,45.588460,-122.594007,3.69,122.5,6,0,50.0
